"REF_DATE","GEO","DGUID","Supply and disposition","Unit of measure","UOM","UOM_ID","SCALAR_FACTOR","SCALAR_ID","VECTOR","COORDINATE","VALUE","STATUS","SYMBOL","TERMINATED","DECIMALS"
"2022-01","Ontario","2021A000235","Marketable production","Cubic metres","Cubic metres","72","thousands","3","v107638520","7.2.1","4944.0","","","","1"
"2022-02","Ontario","2021A000235","Marketable production","Cubic metres","Cubic metres","72","thousands","3","v107638520","7.2.1","4493.0","","","","1"
"2022-03","Ontario","2021A000235","Marketable production","Cubic metres","Cubic metres","72","thousands","3","v107638520","7.2.1","5063.0","","","","1"
"2022-04","Ontario","2021A000235","Marketable production","Cubic metres","Cubic metres","72","thousands","3","v107638520","7.2.1","5290.0","","","","1"
"2022-05","Ontario","2021A000235","Marketable production","Cubic metres","Cubic metres","72","thousands","3","v107638520","7.2.1","5840.0","","","","1"
"2022-06","Ontario","2021A000235","Marketable production","Cubic metres","Cubic metres","72","thousands","3","v107638520","7.2.1","5935.0","","","","1"
"2022-07","Ontario","2021A000235","Marketable production","Cubic metres","Cubic metres","72","thousands","3","v107638520","7.2.1","6082.0","","","","1"
"2022-08","Ontario","2021A000235","Marketable production","Cubic metres","Cubic metres","72","thousands","3","v107638520","7.2.1","6204.0","","","","1"
"2022-09","Ontario","2021A000235","Marketable production","Cubic metres","Cubic metres","72","thousands","3","v107638520","7.2.1","6005.0","","","","1"
"2022-10","Ontario","2021A000235","Marketable production","Cubic metres","Cubic metres","72","thousands","3","v107638520","7.2.1","5712.0","","","","1"
"2022-11","Ontario","2021A000235","Marketable production","Cubic metres","Cubic metres","72","thousands","3","v107638520","7.2.1","5218.0","","","","1"
"2022-12","Ontario","2021A000235","Marketable production","Cubic metres","Cubic metres","72","thousands","3","v107638520","7.2.1","4702.0","","","","1"
"2023-01","Ontario","2021A000235","Marketable production","Cubic metres","Cubic metres","72","thousands","3","v107638520","7.2.1","5199.0","","","","1"
"2023-02","Ontario","2021A000235","Marketable production","Cubic metres","Cubic metres","72","thousands","3","v107638520","7.2.1","4288.0","","","","1"
"2023-03","Ontario","2021A000235","Marketable production","Cubic metres","Cubic metres","72","thousands","3","v107638520","7.2.1","5060.0","","","","1"
"2023-04","Ontario","2021A000235","Marketable production","Cubic metres","Cubic metres","72","thousands","3","v107638520","7.2.1","5302.0","","","","1"
"2023-05","Ontario","2021A000235","Marketable production","Cubic metres","Cubic metres","72","thousands","3","v107638520","7.2.1","5555.0","","","","1"
"2023-06","Ontario","2021A000235","Marketable production","Cubic metres","Cubic metres","72","thousands","3","v107638520","7.2.1","5426.0","","","","1"
"2023-07","Ontario","2021A000235","Marketable production","Cubic metres","Cubic metres","72","thousands","3","v107638520","7.2.1","5618.0","","","","1"
"2023-08","Ontario","2021A000235","Marketable production","Cubic metres","Cubic metres","72","thousands","3","v107638520","7.2.1","5794.0","","","","1"
"2023-09","Ontario","2021A000235","Marketable production","Cubic metres","Cubic metres","72","thousands","3","v107638520","7.2.1","5596.0","","","","1"
"2023-10","Ontario","2021A000235","Marketable production","Cubic metres","Cubic metres","72","thousands","3","v107638520","7.2.1","5766.0","","","","1"
"2023-11","Ontario","2021A000235","Marketable production","Cubic metres","Cubic metres","72","thousands","3","v107638520","7.2.1","5083.0","","","","1"
"2023-12","Ontario","2021A000235","Marketable production","Cubic metres","Cubic metres","72","thousands","3","v107638520","7.2.1","5246.0","","","","1"
"2024-01","Ontario","2021A000235","Marketable production","Cubic metres","Cubic metres","72","thousands","3","v107638520","7.2.1","4602.0","","","","1"
"2024-02","Ontario","2021A000235","Marketable production","Cubic metres","Cubic metres","72","thousands","3","v107638520","7.2.1","4539.0","","","","1"
"2024-03","Ontario","2021A000235","Marketable production","Cubic metres","Cubic metres","72","thousands","3","v107638520","7.2.1","5066.0","","","","1"
"2024-04","Ontario","2021A000235","Marketable production","Cubic metres","Cubic metres","72","thousands","3","v107638520","7.2.1","4767.0","","","","1"
"2024-05","Ontario","2021A000235","Marketable production","Cubic metres","Cubic metres","72","thousands","3","v107638520","7.2.1","5007.0","","","","1"
"2024-06","Ontario","2021A000235","Marketable production","Cubic metres","Cubic metres","72","thousands","3","v107638520","7.2.1","5471.0","","","","1"
"2024-07","Ontario","2021A000235","Marketable production","Cubic metres","Cubic metres","72","thousands","3","v107638520","7.2.1","5864.0","","","","1"
"2024-08","Ontario","2021A000235","Marketable production","Cubic metres","Cubic metres","72","thousands","3","v107638520","7.2.1","5751.0","","","","1"
"2024-09","Ontario","2021A000235","Marketable production","Cubic metres","Cubic metres","72","thousands","3","v107638520","7.2.1","4618.0","","","","1"
"2024-10","Ontario","2021A000235","Marketable production","Cubic metres","Cubic metres","72","thousands","3","v107638520","7.2.1","4454.0","","","","1"
"2024-11","Ontario","2021A000235","Marketable production","Cubic metres","Cubic metres","72","thousands","3","v107638520","7.2.1","4240.0","","","","1"
"2024-12","Ontario","2021A000235","Marketable production","Cubic metres","Cubic metres","72","thousands","3","v107638520","7.2.1","3800.0","","","","1"
"2025-01","Ontario","2021A000235","Marketable production","Cubic metres","Cubic metres","72","thousands","3","v107638520","7.2.1","3247.0","","","","1"
"2025-02","Ontario","2021A000235","Marketable production","Cubic metres","Cubic metres","72","thousands","3","v107638520","7.2.1","3097.0","","","","1"
"2025-03","Ontario","2021A000235","Marketable production","Cubic metres","Cubic metres","72","thousands","3","v107638520","7.2.1","4001.0","","","","1"
"2025-04","Ontario","2021A000235","Marketable production","Cubic metres","Cubic metres","72","thousands","3","v107638520","7.2.1","4306.0","","","","1"
"2025-05","Ontario","2021A000235","Marketable production","Cubic metres","Cubic metres","72","thousands","3","v107638520","7.2.1","4528.0","","","","1"
"2025-06","Ontario","2021A000235","Marketable production","Cubic metres","Cubic metres","72","thousands","3","v107638520","7.2.1","5543.0","","","","1"
"2025-07","Ontario","2021A000235","Marketable production","Cubic metres","Cubic metres","72","thousands","3","v107638520","7.2.1","5808.0","","","","1"
"2025-08","Ontario","2021A000235","Marketable production","Cubic metres","Cubic metres","72","thousands","3","v107638520","7.2.1","5404.0","","","","1"
"2025-09","Ontario","2021A000235","Marketable production","Cubic metres","Cubic metres","72","thousands","3","v107638520","7.2.1","6415.0","","","","1"
"2025-10","Ontario","2021A000235","Marketable production","Cubic metres","Cubic metres","72","thousands","3","v107638520","7.2.1","6101.0","","","","1"
"2025-11","Ontario","2021A000235","Marketable production","Cubic metres","Cubic metres","72","thousands","3","v107638520","7.2.1","5644.0","","","","1"
"2025-12","Ontario","2021A000235","Marketable production","Cubic metres","Cubic metres","72","thousands","3","v107638520","7.2.1","5765.0","","","","1"
"2022-01","Ontario","2021A000235","Residential consumption","Cubic metres","Cubic metres","72","thousands","3","v107638524","7.4.1","1576767.0","","","","1"
"2022-02","Ontario","2021A000235","Residential consumption","Cubic metres","Cubic metres","72","thousands","3","v107638524","7.4.1","1265240.0","","","","1"
"2022-03","Ontario","2021A000235","Residential consumption","Cubic metres","Cubic metres","72","thousands","3","v107638524","7.4.1","1046680.0","","","","1"
"2022-04","Ontario","2021A000235","Residential consumption","Cubic metres","Cubic metres","72","thousands","3","v107638524","7.4.1","753169.0","","","","1"
"2022-05","Ontario","2021A000235","Residential consumption","Cubic metres","Cubic metres","72","thousands","3","v107638524","7.4.1","333136.0","","","","1"
"2022-06","Ontario","2021A000235","Residential consumption","Cubic metres","Cubic metres","72","thousands","3","v107638524","7.4.1","233289.0","","","","1"
"2022-07","Ontario","2021A000235","Residential consumption","Cubic metres","Cubic metres","72","thousands","3","v107638524","7.4.1","219438.0","","","","1"
"2022-08","Ontario","2021A000235","Residential consumption","Cubic metres","Cubic metres","72","thousands","3","v107638524","7.4.1","194759.0","","","","1"
"2022-09","Ontario","2021A000235","Residential consumption","Cubic metres","Cubic metres","72","thousands","3","v107638524","7.4.1","230105.0","","","","1"
"2022-10","Ontario","2021A000235","Residential consumption","Cubic metres","Cubic metres","72","thousands","3","v107638524","7.4.1","458763.0","","","","1"
"2022-11","Ontario","2021A000235","Residential consumption","Cubic metres","Cubic metres","72","thousands","3","v107638524","7.4.1","800112.0","","","","1"
"2022-12","Ontario","2021A000235","Residential consumption","Cubic metres","Cubic metres","72","thousands","3","v107638524","7.4.1","1128532.0","","","","1"
"2023-01","Ontario","2021A000235","Residential consumption","Cubic metres","Cubic metres","72","thousands","3","v107638524","7.4.1","1222372.0","","","","1"
"2023-02","Ontario","2021A000235","Residential consumption","Cubic metres","Cubic metres","72","thousands","3","v107638524","7.4.1","1263446.0","","","","1"
"2023-03","Ontario","2021A000235","Residential consumption","Cubic metres","Cubic metres","72","thousands","3","v107638524","7.4.1","1043949.0","","","","1"
"2023-04","Ontario","2021A000235","Residential consumption","Cubic metres","Cubic metres","72","thousands","3","v107638524","7.4.1","659394.0","","","","1"
"2023-05","Ontario","2021A000235","Residential consumption","Cubic metres","Cubic metres","72","thousands","3","v107638524","7.4.1","342246.0","","","","1"
"2023-06","Ontario","2021A000235","Residential consumption","Cubic metres","Cubic metres","72","thousands","3","v107638524","7.4.1","209761.0","","","","1"
"2023-07","Ontario","2021A000235","Residential consumption","Cubic metres","Cubic metres","72","thousands","3","v107638524","7.4.1","210329.0","","","","1"
"2023-08","Ontario","2021A000235","Residential consumption","Cubic metres","Cubic metres","72","thousands","3","v107638524","7.4.1","197688.0","","","","1"
"2023-09","Ontario","2021A000235","Residential consumption","Cubic metres","Cubic metres","72","thousands","3","v107638524","7.4.1","214526.0","","","","1"
"2023-10","Ontario","2021A000235","Residential consumption","Cubic metres","Cubic metres","72","thousands","3","v107638524","7.4.1","418492.0","","","","1"
"2023-11","Ontario","2021A000235","Residential consumption","Cubic metres","Cubic metres","72","thousands","3","v107638524","7.4.1","847589.0","","","","1"
"2023-12","Ontario","2021A000235","Residential consumption","Cubic metres","Cubic metres","72","thousands","3","v107638524","7.4.1","991873.0","","","","1"
"2024-01","Ontario","2021A000235","Residential consumption","Cubic metres","Cubic metres","72","thousands","3","v107638524","7.4.1","1338262.0","","","","1"
"2024-02","Ontario","2021A000235","Residential consumption","Cubic metres","Cubic metres","72","thousands","3","v107638524","7.4.1","1036086.0","","","","1"
"2024-03","Ontario","2021A000235","Residential consumption","Cubic metres","Cubic metres","72","thousands","3","v107638524","7.4.1","914239.0","","","","1"
"2024-04","Ontario","2021A000235","Residential consumption","Cubic metres","Cubic metres","72","thousands","3","v107638524","7.4.1","566875.0","","","","1"
"2024-05","Ontario","2021A000235","Residential consumption","Cubic metres","Cubic metres","72","thousands","3","v107638524","7.4.1","244197.0","","","","1"
"2024-06","Ontario","2021A000235","Residential consumption","Cubic metres","Cubic metres","72","thousands","3","v107638524","7.4.1","213485.0","","","","1"
"2024-07","Ontario","2021A000235","Residential consumption","Cubic metres","Cubic metres","72","thousands","3","v107638524","7.4.1","227257.0","","","","1"
"2024-08","Ontario","2021A000235","Residential consumption","Cubic metres","Cubic metres","72","thousands","3","v107638524","7.4.1","201599.0","","","","1"
"2024-09","Ontario","2021A000235","Residential consumption","Cubic metres","Cubic metres","72","thousands","3","v107638524","7.4.1","211431.0","","","","1"
"2024-10","Ontario","2021A000235","Residential consumption","Cubic metres","Cubic metres","72","thousands","3","v107638524","7.4.1","375390.0","","","","1"
"2024-11","Ontario","2021A000235","Residential consumption","Cubic metres","Cubic metres","72","thousands","3","v107638524","7.4.1","757063.0","","","","1"
"2024-12","Ontario","2021A000235","Residential consumption","Cubic metres","Cubic metres","72","thousands","3","v107638524","7.4.1","1191978.0","","","","1"
"2025-01","Ontario","2021A000235","Residential consumption","Cubic metres","Cubic metres","72","thousands","3","v107638524","7.4.1","1528141.0","","","","1"
"2025-02","Ontario","2021A000235","Residential consumption","Cubic metres","Cubic metres","72","thousands","3","v107638524","7.4.1","1261420.0","","","","1"
"2025-03","Ontario","2021A000235","Residential consumption","Cubic metres","Cubic metres","72","thousands","3","v107638524","7.4.1","993513.0","","","","1"
"2025-04","Ontario","2021A000235","Residential consumption","Cubic metres","Cubic metres","72","thousands","3","v107638524","7.4.1","668870.0","","","","1"
"2025-05","Ontario","2021A000235","Residential consumption","Cubic metres","Cubic metres","72","thousands","3","v107638524","7.4.1","369423.0","","","","1"
"2025-06","Ontario","2021A000235","Residential consumption","Cubic metres","Cubic metres","72","thousands","3","v107638524","7.4.1","177279.0","","","","1"
"2025-07","Ontario","2021A000235","Residential consumption","Cubic metres","Cubic metres","72","thousands","3","v107638524","7.4.1","245668.0","","","","1"
"2025-08","Ontario","2021A000235","Residential consumption","Cubic metres","Cubic metres","72","thousands","3","v107638524","7.4.1","195071.0","","","","1"
"2025-09","Ontario","2021A000235","Residential consumption","Cubic metres","Cubic metres","72","thousands","3","v107638524","7.4.1","204023.0","","","","1"
"2025-10","Ontario","2021A000235","Residential consumption","Cubic metres","Cubic metres","72","thousands","3","v107638524","7.4.1","392743.0","","","","1"
"2025-11","Ontario","2021A000235","Residential consumption","Cubic metres","Cubic metres","72","thousands","3","v107638524","7.4.1","911225.0","","","","1"
"2025-12","Ontario","2021A000235","Residential consumption","Cubic metres","Cubic metres","72","thousands","3","v107638524","7.4.1","1362546.0","","","","1"
"2022-01","Ontario","2021A000235","Exports","Cubic metres","Cubic metres","72","thousands","3","v107638530","7.7.1","989928.0","","","","1"
"2022-02","Ontario","2021A000235","Exports","Cubic metres","Cubic metres","72","thousands","3","v107638530","7.7.1","793573.0","","","","1"
"2022-03","Ontario","2021A000235","Exports","Cubic metres","Cubic metres","72","thousands","3","v107638530","7.7.1","558715.0","","","","1"
"2022-04","Ontario","2021A000235","Exports","Cubic metres","Cubic metres","72","thousands","3","v107638530","7.7.1","340250.0","","","","1"
"2022-05","Ontario","2021A000235","Exports","Cubic metres","Cubic metres","72","thousands","3","v107638530","7.7.1","239800.0","","","","1"
"2022-06","Ontario","2021A000235","Exports","Cubic metres","Cubic metres","72","thousands","3","v107638530","7.7.1","242085.0","","","","1"
"2022-07","Ontario","2021A000235","Exports","Cubic metres","Cubic metres","72","thousands","3","v107638530","7.7.1","492301.0","","","","1"
"2022-08","Ontario","2021A000235","Exports","Cubic metres","Cubic metres","72","thousands","3","v107638530","7.7.1","445797.0","","","","1"
"2022-09","Ontario","2021A000235","Exports","Cubic metres","Cubic metres","72","thousands","3","v107638530","7.7.1","223638.0","","","","1"
"2022-10","Ontario","2021A000235","Exports","Cubic metres","Cubic metres","72","thousands","3","v107638530","7.7.1","238870.0","","","","1"
"2022-11","Ontario","2021A000235","Exports","Cubic metres","Cubic metres","72","thousands","3","v107638530","7.7.1","472437.0","","","","1"
"2022-12","Ontario","2021A000235","Exports","Cubic metres","Cubic metres","72","thousands","3","v107638530","7.7.1","924616.0","","","","1"
"2023-01","Ontario","2021A000235","Exports","Cubic metres","Cubic metres","72","thousands","3","v107638530","7.7.1","732579.0","","","","1"
"2023-02","Ontario","2021A000235","Exports","Cubic metres","Cubic metres","72","thousands","3","v107638530","7.7.1","631260.0","","","","1"
"2023-03","Ontario","2021A000235","Exports","Cubic metres","Cubic metres","72","thousands","3","v107638530","7.7.1","530599.0","","","","1"
"2023-04","Ontario","2021A000235","Exports","Cubic metres","Cubic metres","72","thousands","3","v107638530","7.7.1","141140.0","","","","1"
"2023-05","Ontario","2021A000235","Exports","Cubic metres","Cubic metres","72","thousands","3","v107638530","7.7.1","89252.0","","","","1"
"2023-06","Ontario","2021A000235","Exports","Cubic metres","Cubic metres","72","thousands","3","v107638530","7.7.1","275913.0","","","","1"
"2023-07","Ontario","2021A000235","Exports","Cubic metres","Cubic metres","72","thousands","3","v107638530","7.7.1","500013.0","","","","1"
"2023-08","Ontario","2021A000235","Exports","Cubic metres","Cubic metres","72","thousands","3","v107638530","7.7.1","259518.0","","","","1"
"2023-09","Ontario","2021A000235","Exports","Cubic metres","Cubic metres","72","thousands","3","v107638530","7.7.1","225767.0","","","","1"
"2023-10","Ontario","2021A000235","Exports","Cubic metres","Cubic metres","72","thousands","3","v107638530","7.7.1","271596.0","","","","1"
"2023-11","Ontario","2021A000235","Exports","Cubic metres","Cubic metres","72","thousands","3","v107638530","7.7.1","566441.0","","","","1"
"2023-12","Ontario","2021A000235","Exports","Cubic metres","Cubic metres","72","thousands","3","v107638530","7.7.1","577154.0","","","","1"
"2024-01","Ontario","2021A000235","Exports","Cubic metres","Cubic metres","72","thousands","3","v107638530","7.7.1","961492.0","","","","1"
"2024-02","Ontario","2021A000235","Exports","Cubic metres","Cubic metres","72","thousands","3","v107638530","7.7.1","718739.0","","","","1"
"2024-03","Ontario","2021A000235","Exports","Cubic metres","Cubic metres","72","thousands","3","v107638530","7.7.1","369361.0","","","","1"
"2024-04","Ontario","2021A000235","Exports","Cubic metres","Cubic metres","72","thousands","3","v107638530","7.7.1","275941.0","","","","1"
"2024-05","Ontario","2021A000235","Exports","Cubic metres","Cubic metres","72","thousands","3","v107638530","7.7.1","251219.0","","","","1"
"2024-06","Ontario","2021A000235","Exports","Cubic metres","Cubic metres","72","thousands","3","v107638530","7.7.1","370098.0","","","","1"
"2024-07","Ontario","2021A000235","Exports","Cubic metres","Cubic metres","72","thousands","3","v107638530","7.7.1","559628.0","","","","1"
"2024-08","Ontario","2021A000235","Exports","Cubic metres","Cubic metres","72","thousands","3","v107638530","7.7.1","450624.0","","","","1"
"2024-09","Ontario","2021A000235","Exports","Cubic metres","Cubic metres","72","thousands","3","v107638530","7.7.1","367962.0","","","","1"
"2024-10","Ontario","2021A000235","Exports","Cubic metres","Cubic metres","72","thousands","3","v107638530","7.7.1","358738.0","","","","1"
"2024-11","Ontario","2021A000235","Exports","Cubic metres","Cubic metres","72","thousands","3","v107638530","7.7.1","568145.0","","","","1"
"2024-12","Ontario","2021A000235","Exports","Cubic metres","Cubic metres","72","thousands","3","v107638530","7.7.1","862070.0","","","","1"
"2025-01","Ontario","2021A000235","Exports","Cubic metres","Cubic metres","72","thousands","3","v107638530","7.7.1","990977.0","","","","1"
"2025-02","Ontario","2021A000235","Exports","Cubic metres","Cubic metres","72","thousands","3","v107638530","7.7.1","847176.0","","","","1"
"2025-03","Ontario","2021A000235","Exports","Cubic metres","Cubic metres","72","thousands","3","v107638530","7.7.1","416098.0","","","","1"
"2025-04","Ontario","2021A000235","Exports","Cubic metres","Cubic metres","72","thousands","3","v107638530","7.7.1","360426.0","","","","1"
"2025-05","Ontario","2021A000235","Exports","Cubic metres","Cubic metres","72","thousands","3","v107638530","7.7.1","196557.0","","","","1"
"2025-06","Ontario","2021A000235","Exports","Cubic metres","Cubic metres","72","thousands","3","v107638530","7.7.1","369484.0","","","","1"
"2025-07","Ontario","2021A000235","Exports","Cubic metres","Cubic metres","72","thousands","3","v107638530","7.7.1","625823.0","","","","1"
"2025-08","Ontario","2021A000235","Exports","Cubic metres","Cubic metres","72","thousands","3","v107638530","7.7.1","394287.0","","","","1"
"2025-09","Ontario","2021A000235","Exports","Cubic metres","Cubic metres","72","thousands","3","v107638530","7.7.1","212685.0","","","","1"
"2025-10","Ontario","2021A000235","Exports","Cubic metres","Cubic metres","72","thousands","3","v107638530","7.7.1","283766.0","","","","1"
"2025-11","Ontario","2021A000235","Exports","Cubic metres","Cubic metres","72","thousands","3","v107638530","7.7.1","657438.0","","","","1"
"2025-12","Ontario","2021A000235","Exports","Cubic metres","Cubic metres","72","thousands","3","v107638530","7.7.1","932846.0","","","","1"
"2022-01","Ontario","2021A000235","Closing inventory","Cubic metres","Cubic metres","72","thousands","3","v107638534","7.9.1","5502179.1","","","","1"
"2022-02","Ontario","2021A000235","Closing inventory","Cubic metres","Cubic metres","72","thousands","3","v107638534","7.9.1","3439592.1","","","","1"
"2022-03","Ontario","2021A000235","Closing inventory","Cubic metres","Cubic metres","72","thousands","3","v107638534","7.9.1","3123663.9","","","","1"
"2022-04","Ontario","2021A000235","Closing inventory","Cubic metres","Cubic metres","72","thousands","3","v107638534","7.9.1","3265889.2","","","","1"
"2022-05","Ontario","2021A000235","Closing inventory","Cubic metres","Cubic metres","72","thousands","3","v107638534","7.9.1","4576974.8","","","","1"
"2022-06","Ontario","2021A000235","Closing inventory","Cubic metres","Cubic metres","72","thousands","3","v107638534","7.9.1","5728957.4","","","","1"
"2022-07","Ontario","2021A000235","Closing inventory","Cubic metres","Cubic metres","72","thousands","3","v107638534","7.9.1","6662204.4","","","","1"
"2022-08","Ontario","2021A000235","Closing inventory","Cubic metres","Cubic metres","72","thousands","3","v107638534","7.9.1","7757494.7","","","","1"
"2022-09","Ontario","2021A000235","Closing inventory","Cubic metres","Cubic metres","72","thousands","3","v107638534","7.9.1","8744058.8","","","","1"
"2022-10","Ontario","2021A000235","Closing inventory","Cubic metres","Cubic metres","72","thousands","3","v107638534","7.9.1","9154077.5","","","","1"
"2022-11","Ontario","2021A000235","Closing inventory","Cubic metres","Cubic metres","72","thousands","3","v107638534","7.9.1","8924332.0","","","","1"
"2022-12","Ontario","2021A000235","Closing inventory","Cubic metres","Cubic metres","72","thousands","3","v107638534","7.9.1","7457242.3","","","","1"
"2023-01","Ontario","2021A000235","Closing inventory","Cubic metres","Cubic metres","72","thousands","3","v107638534","7.9.1","6446551.2","","","","1"
"2023-02","Ontario","2021A000235","Closing inventory","Cubic metres","Cubic metres","72","thousands","3","v107638534","7.9.1","5553370.0","","","","1"
"2023-03","Ontario","2021A000235","Closing inventory","Cubic metres","Cubic metres","72","thousands","3","v107638534","7.9.1","5216350.3","","","","1"
"2023-04","Ontario","2021A000235","Closing inventory","Cubic metres","Cubic metres","72","thousands","3","v107638534","7.9.1","5479878.9","","","","1"
"2023-05","Ontario","2021A000235","Closing inventory","Cubic metres","Cubic metres","72","thousands","3","v107638534","7.9.1","6491308.4","","","","1"
"2023-06","Ontario","2021A000235","Closing inventory","Cubic metres","Cubic metres","72","thousands","3","v107638534","7.9.1","7300190.2","","","","1"
"2023-07","Ontario","2021A000235","Closing inventory","Cubic metres","Cubic metres","72","thousands","3","v107638534","7.9.1","7853431.8","","","","1"
"2023-08","Ontario","2021A000235","Closing inventory","Cubic metres","Cubic metres","72","thousands","3","v107638534","7.9.1","8274100.8","","","","1"
"2023-09","Ontario","2021A000235","Closing inventory","Cubic metres","Cubic metres","72","thousands","3","v107638534","7.9.1","9339853.9","","","","1"
"2023-10","Ontario","2021A000235","Closing inventory","Cubic metres","Cubic metres","72","thousands","3","v107638534","7.9.1","9385089.7","","","","1"
"2023-11","Ontario","2021A000235","Closing inventory","Cubic metres","Cubic metres","72","thousands","3","v107638534","7.9.1","8732100.6","","","","1"
"2023-12","Ontario","2021A000235","Closing inventory","Cubic metres","Cubic metres","72","thousands","3","v107638534","7.9.1","8618290.0","","","","1"
"2024-01","Ontario","2021A000235","Closing inventory","Cubic metres","Cubic metres","72","thousands","3","v107638534","7.9.1","6360411.5","","","","1"
"2024-02","Ontario","2021A000235","Closing inventory","Cubic metres","Cubic metres","72","thousands","3","v107638534","7.9.1","5856682.4","","","","1"
"2024-03","Ontario","2021A000235","Closing inventory","Cubic metres","Cubic metres","72","thousands","3","v107638534","7.9.1","6400765.7","","","","1"
"2024-04","Ontario","2021A000235","Closing inventory","Cubic metres","Cubic metres","72","thousands","3","v107638534","7.9.1","6740867.8","","","","1"
"2024-05","Ontario","2021A000235","Closing inventory","Cubic metres","Cubic metres","72","thousands","3","v107638534","7.9.1","7417528.6","","","","1"
"2024-06","Ontario","2021A000235","Closing inventory","Cubic metres","Cubic metres","72","thousands","3","v107638534","7.9.1","8034387.7","","","","1"
"2024-07","Ontario","2021A000235","Closing inventory","Cubic metres","Cubic metres","72","thousands","3","v107638534","7.9.1","8089529.4","","","","1"
"2024-08","Ontario","2021A000235","Closing inventory","Cubic metres","Cubic metres","72","thousands","3","v107638534","7.9.1","8366324.8","","","","1"
"2024-09","Ontario","2021A000235","Closing inventory","Cubic metres","Cubic metres","72","thousands","3","v107638534","7.9.1","9055692.4","","","","1"
"2024-10","Ontario","2021A000235","Closing inventory","Cubic metres","Cubic metres","72","thousands","3","v107638534","7.9.1","9417336.8","","","","1"
"2024-11","Ontario","2021A000235","Closing inventory","Cubic metres","Cubic metres","72","thousands","3","v107638534","7.9.1","9225575.6","","","","1"
"2024-12","Ontario","2021A000235","Closing inventory","Cubic metres","Cubic metres","72","thousands","3","v107638534","7.9.1","8236153.8","","","","1"
"2025-01","Ontario","2021A000235","Closing inventory","Cubic metres","Cubic metres","72","thousands","3","v107638534","7.9.1","5385727.0","","","","1"
"2025-02","Ontario","2021A000235","Closing inventory","Cubic metres","Cubic metres","72","thousands","3","v107638534","7.9.1","3626145.4","","","","1"
"2025-03","Ontario","2021A000235","Closing inventory","Cubic metres","Cubic metres","72","thousands","3","v107638534","7.9.1","4128178.9","","","","1"
"2025-04","Ontario","2021A000235","Closing inventory","Cubic metres","Cubic metres","72","thousands","3","v107638534","7.9.1","4396553.7","","","","1"
"2025-05","Ontario","2021A000235","Closing inventory","Cubic metres","Cubic metres","72","thousands","3","v107638534","7.9.1","5684406.2","","","","1"
"2025-06","Ontario","2021A000235","Closing inventory","Cubic metres","Cubic metres","72","thousands","3","v107638534","7.9.1","6329621.6","","","","1"
"2025-07","Ontario","2021A000235","Closing inventory","Cubic metres","Cubic metres","72","thousands","3","v107638534","7.9.1","6710837.3","","","","1"
"2025-08","Ontario","2021A000235","Closing inventory","Cubic metres","Cubic metres","72","thousands","3","v107638534","7.9.1","7708729.0","","","","1"
"2025-09","Ontario","2021A000235","Closing inventory","Cubic metres","Cubic metres","72","thousands","3","v107638534","7.9.1","8577476.1","","","","1"
"2025-10","Ontario","2021A000235","Closing inventory","Cubic metres","Cubic metres","72","thousands","3","v107638534","7.9.1","9191625.4","","","","1"
"2025-11","Ontario","2021A000235","Closing inventory","Cubic metres","Cubic metres","72","thousands","3","v107638534","7.9.1","8559769.5","","","","1"
"2025-12","Ontario","2021A000235","Closing inventory","Cubic metres","Cubic metres","72","thousands","3","v107638534","7.9.1","7330265.7","","","","1"
"2022-01","Alberta","2021A000248","Marketable production","Cubic metres","Cubic metres","72","thousands","3","v107638568","10.2.1","10257708.0","","","","1"
"2022-02","Alberta","2021A000248","Marketable production","Cubic metres","Cubic metres","72","thousands","3","v107638568","10.2.1","9447046.0","","","","1"
"2022-03","Alberta","2021A000248","Marketable production","Cubic metres","Cubic metres","72","thousands","3","v107638568","10.2.1","10568038.0","","","","1"
"2022-04","Alberta","2021A000248","Marketable production","Cubic metres","Cubic metres","72","thousands","3","v107638568","10.2.1","10518515.0","","","","1"
"2022-05","Alberta","2021A000248","Marketable production","Cubic metres","Cubic metres","72","thousands","3","v107638568","10.2.1","10544543.0","","","","1"
"2022-06","Alberta","2021A000248","Marketable production","Cubic metres","Cubic metres","72","thousands","3","v107638568","10.2.1","10037226.0","","","","1"
"2022-07","Alberta","2021A000248","Marketable production","Cubic metres","Cubic metres","72","thousands","3","v107638568","10.2.1","10708793.0","","","","1"
"2022-08","Alberta","2021A000248","Marketable production","Cubic metres","Cubic metres","72","thousands","3","v107638568","10.2.1","10578181.0","","","","1"
"2022-09","Alberta","2021A000248","Marketable production","Cubic metres","Cubic metres","72","thousands","3","v107638568","10.2.1","10338968.0","","","","1"
"2022-10","Alberta","2021A000248","Marketable production","Cubic metres","Cubic metres","72","thousands","3","v107638568","10.2.1","10737267.0","","","","1"
"2022-11","Alberta","2021A000248","Marketable production","Cubic metres","Cubic metres","72","thousands","3","v107638568","10.2.1","10435797.0","","","","1"
"2022-12","Alberta","2021A000248","Marketable production","Cubic metres","Cubic metres","72","thousands","3","v107638568","10.2.1","10515640.0","","","","1"
"2023-01","Alberta","2021A000248","Marketable production","Cubic metres","Cubic metres","72","thousands","3","v107638568","10.2.1","10900828.0","","","","1"
"2023-02","Alberta","2021A000248","Marketable production","Cubic metres","Cubic metres","72","thousands","3","v107638568","10.2.1","9851871.0","","","","1"
"2023-03","Alberta","2021A000248","Marketable production","Cubic metres","Cubic metres","72","thousands","3","v107638568","10.2.1","10924637.0","","","","1"
"2023-04","Alberta","2021A000248","Marketable production","Cubic metres","Cubic metres","72","thousands","3","v107638568","10.2.1","10462482.0","","","","1"
"2023-05","Alberta","2021A000248","Marketable production","Cubic metres","Cubic metres","72","thousands","3","v107638568","10.2.1","9540919.0","","","","1"
"2023-06","Alberta","2021A000248","Marketable production","Cubic metres","Cubic metres","72","thousands","3","v107638568","10.2.1","9698698.0","","","","1"
"2023-07","Alberta","2021A000248","Marketable production","Cubic metres","Cubic metres","72","thousands","3","v107638568","10.2.1","10753177.0","","","","1"
"2023-08","Alberta","2021A000248","Marketable production","Cubic metres","Cubic metres","72","thousands","3","v107638568","10.2.1","10719746.0","","","","1"
"2023-09","Alberta","2021A000248","Marketable production","Cubic metres","Cubic metres","72","thousands","3","v107638568","10.2.1","10148767.0","","","","1"
"2023-10","Alberta","2021A000248","Marketable production","Cubic metres","Cubic metres","72","thousands","3","v107638568","10.2.1","10594733.0","","","","1"
"2023-11","Alberta","2021A000248","Marketable production","Cubic metres","Cubic metres","72","thousands","3","v107638568","10.2.1","10656659.0","","","","1"
"2023-12","Alberta","2021A000248","Marketable production","Cubic metres","Cubic metres","72","thousands","3","v107638568","10.2.1","11122115.0","","","","1"
"2024-01","Alberta","2021A000248","Marketable production","Cubic metres","Cubic metres","72","thousands","3","v107638568","10.2.1","10445687.0","","","","1"
"2024-02","Alberta","2021A000248","Marketable production","Cubic metres","Cubic metres","72","thousands","3","v107638568","10.2.1","10175989.0","","","","1"
"2024-03","Alberta","2021A000248","Marketable production","Cubic metres","Cubic metres","72","thousands","3","v107638568","10.2.1","10763649.0","","","","1"
"2024-04","Alberta","2021A000248","Marketable production","Cubic metres","Cubic metres","72","thousands","3","v107638568","10.2.1","10337670.0","","","","1"
"2024-05","Alberta","2021A000248","Marketable production","Cubic metres","Cubic metres","72","thousands","3","v107638568","10.2.1","10263986.0","","","","1"
"2024-06","Alberta","2021A000248","Marketable production","Cubic metres","Cubic metres","72","thousands","3","v107638568","10.2.1","10011698.0","","","","1"
"2024-07","Alberta","2021A000248","Marketable production","Cubic metres","Cubic metres","72","thousands","3","v107638568","10.2.1","10403361.0","","","","1"
"2024-08","Alberta","2021A000248","Marketable production","Cubic metres","Cubic metres","72","thousands","3","v107638568","10.2.1","10488787.0","","","","1"
"2024-09","Alberta","2021A000248","Marketable production","Cubic metres","Cubic metres","72","thousands","3","v107638568","10.2.1","9600249.0","","","","1"
"2024-10","Alberta","2021A000248","Marketable production","Cubic metres","Cubic metres","72","thousands","3","v107638568","10.2.1","10599555.0","","","","1"
"2024-11","Alberta","2021A000248","Marketable production","Cubic metres","Cubic metres","72","thousands","3","v107638568","10.2.1","10800650.0","","","","1"
"2024-12","Alberta","2021A000248","Marketable production","Cubic metres","Cubic metres","72","thousands","3","v107638568","10.2.1","11035632.0","","","","1"
"2025-01","Alberta","2021A000248","Marketable production","Cubic metres","Cubic metres","72","thousands","3","v107638568","10.2.1","11030564.0","","","","1"
"2025-02","Alberta","2021A000248","Marketable production","Cubic metres","Cubic metres","72","thousands","3","v107638568","10.2.1","9695124.0","","","","1"
"2025-03","Alberta","2021A000248","Marketable production","Cubic metres","Cubic metres","72","thousands","3","v107638568","10.2.1","11162143.0","","","","1"
"2025-04","Alberta","2021A000248","Marketable production","Cubic metres","Cubic metres","72","thousands","3","v107638568","10.2.1","10603435.0","","","","1"
"2025-05","Alberta","2021A000248","Marketable production","Cubic metres","Cubic metres","72","thousands","3","v107638568","10.2.1","10790614.0","","","","1"
"2025-06","Alberta","2021A000248","Marketable production","Cubic metres","Cubic metres","72","thousands","3","v107638568","10.2.1","9867247.0","","","","1"
"2025-07","Alberta","2021A000248","Marketable production","Cubic metres","Cubic metres","72","thousands","3","v107638568","10.2.1","10638247.0","","","","1"
"2025-08","Alberta","2021A000248","Marketable production","Cubic metres","Cubic metres","72","thousands","3","v107638568","10.2.1","10572436.0","","","","1"
"2025-09","Alberta","2021A000248","Marketable production","Cubic metres","Cubic metres","72","thousands","3","v107638568","10.2.1","10165613.0","","","","1"
"2025-10","Alberta","2021A000248","Marketable production","Cubic metres","Cubic metres","72","thousands","3","v107638568","10.2.1","10760440.0","","","","1"
"2025-11","Alberta","2021A000248","Marketable production","Cubic metres","Cubic metres","72","thousands","3","v107638568","10.2.1","10886780.0","","","","1"
"2025-12","Alberta","2021A000248","Marketable production","Cubic metres","Cubic metres","72","thousands","3","v107638568","10.2.1","11136561.0","","","","1"
"2022-01","Alberta","2021A000248","Residential consumption","Cubic metres","Cubic metres","72","thousands","3","v107638570","10.4.1","880325.0","","","","1"
"2022-02","Alberta","2021A000248","Residential consumption","Cubic metres","Cubic metres","72","thousands","3","v107638570","10.4.1","552798.0","","","","1"
"2022-03","Alberta","2021A000248","Residential consumption","Cubic metres","Cubic metres","72","thousands","3","v107638570","10.4.1","555223.0","","","","1"
"2022-04","Alberta","2021A000248","Residential consumption","Cubic metres","Cubic metres","72","thousands","3","v107638570","10.4.1","419264.0","","","","1"
"2022-05","Alberta","2021A000248","Residential consumption","Cubic metres","Cubic metres","72","thousands","3","v107638570","10.4.1","276895.0","","","","1"
"2022-06","Alberta","2021A000248","Residential consumption","Cubic metres","Cubic metres","72","thousands","3","v107638570","10.4.1","148507.0","","","","1"
"2022-07","Alberta","2021A000248","Residential consumption","Cubic metres","Cubic metres","72","thousands","3","v107638570","10.4.1","105515.0","","","","1"
"2022-08","Alberta","2021A000248","Residential consumption","Cubic metres","Cubic metres","72","thousands","3","v107638570","10.4.1","79968.0","","","","1"
"2022-09","Alberta","2021A000248","Residential consumption","Cubic metres","Cubic metres","72","thousands","3","v107638570","10.4.1","91219.0","","","","1"
"2022-10","Alberta","2021A000248","Residential consumption","Cubic metres","Cubic metres","72","thousands","3","v107638570","10.4.1","148390.0","","","","1"
"2022-11","Alberta","2021A000248","Residential consumption","Cubic metres","Cubic metres","72","thousands","3","v107638570","10.4.1","384533.0","","","","1"
"2022-12","Alberta","2021A000248","Residential consumption","Cubic metres","Cubic metres","72","thousands","3","v107638570","10.4.1","674382.0","","","","1"
"2023-01","Alberta","2021A000248","Residential consumption","Cubic metres","Cubic metres","72","thousands","3","v107638570","10.4.1","756284.0","","","","1"
"2023-02","Alberta","2021A000248","Residential consumption","Cubic metres","Cubic metres","72","thousands","3","v107638570","10.4.1","560146.0","","","","1"
"2023-03","Alberta","2021A000248","Residential consumption","Cubic metres","Cubic metres","72","thousands","3","v107638570","10.4.1","613189.0","","","","1"
"2023-04","Alberta","2021A000248","Residential consumption","Cubic metres","Cubic metres","72","thousands","3","v107638570","10.4.1","440259.0","","","","1"
"2023-05","Alberta","2021A000248","Residential consumption","Cubic metres","Cubic metres","72","thousands","3","v107638570","10.4.1","193206.0","","","","1"
"2023-06","Alberta","2021A000248","Residential consumption","Cubic metres","Cubic metres","72","thousands","3","v107638570","10.4.1","104641.0","","","","1"
"2023-07","Alberta","2021A000248","Residential consumption","Cubic metres","Cubic metres","72","thousands","3","v107638570","10.4.1","96605.0","","","","1"
"2023-08","Alberta","2021A000248","Residential consumption","Cubic metres","Cubic metres","72","thousands","3","v107638570","10.4.1","83887.0","","","","1"
"2023-09","Alberta","2021A000248","Residential consumption","Cubic metres","Cubic metres","72","thousands","3","v107638570","10.4.1","102788.0","","","","1"
"2023-10","Alberta","2021A000248","Residential consumption","Cubic metres","Cubic metres","72","thousands","3","v107638570","10.4.1","187634.0","","","","1"
"2023-11","Alberta","2021A000248","Residential consumption","Cubic metres","Cubic metres","72","thousands","3","v107638570","10.4.1","383118.0","","","","1"
"2023-12","Alberta","2021A000248","Residential consumption","Cubic metres","Cubic metres","72","thousands","3","v107638570","10.4.1","483494.0","","","","1"
"2024-01","Alberta","2021A000248","Residential consumption","Cubic metres","Cubic metres","72","thousands","3","v107638570","10.4.1","657647.0","","","","1"
"2024-02","Alberta","2021A000248","Residential consumption","Cubic metres","Cubic metres","72","thousands","3","v107638570","10.4.1","610309.0","","","","1"
"2024-03","Alberta","2021A000248","Residential consumption","Cubic metres","Cubic metres","72","thousands","3","v107638570","10.4.1","570145.0","","","","1"
"2024-04","Alberta","2021A000248","Residential consumption","Cubic metres","Cubic metres","72","thousands","3","v107638570","10.4.1","403869.0","","","","1"
"2024-05","Alberta","2021A000248","Residential consumption","Cubic metres","Cubic metres","72","thousands","3","v107638570","10.4.1","251403.0","","","","1"
"2024-06","Alberta","2021A000248","Residential consumption","Cubic metres","Cubic metres","72","thousands","3","v107638570","10.4.1","158104.0","","","","1"
"2024-07","Alberta","2021A000248","Residential consumption","Cubic metres","Cubic metres","72","thousands","3","v107638570","10.4.1","99078.0","","","","1"
"2024-08","Alberta","2021A000248","Residential consumption","Cubic metres","Cubic metres","72","thousands","3","v107638570","10.4.1","85210.0","","","","1"
"2024-09","Alberta","2021A000248","Residential consumption","Cubic metres","Cubic metres","72","thousands","3","v107638570","10.4.1","94782.0","","","","1"
"2024-10","Alberta","2021A000248","Residential consumption","Cubic metres","Cubic metres","72","thousands","3","v107638570","10.4.1","179675.0","","","","1"
"2024-11","Alberta","2021A000248","Residential consumption","Cubic metres","Cubic metres","72","thousands","3","v107638570","10.4.1","397706.0","","","","1"
"2024-12","Alberta","2021A000248","Residential consumption","Cubic metres","Cubic metres","72","thousands","3","v107638570","10.4.1","587597.0","","","","1"
"2025-01","Alberta","2021A000248","Residential consumption","Cubic metres","Cubic metres","72","thousands","3","v107638570","10.4.1","671041.0","","","","1"
"2025-02","Alberta","2021A000248","Residential consumption","Cubic metres","Cubic metres","72","thousands","3","v107638570","10.4.1","693416.0","","","","1"
"2025-03","Alberta","2021A000248","Residential consumption","Cubic metres","Cubic metres","72","thousands","3","v107638570","10.4.1","537934.0","","","","1"
"2025-04","Alberta","2021A000248","Residential consumption","Cubic metres","Cubic metres","72","thousands","3","v107638570","10.4.1","380402.0","","","","1"
"2025-05","Alberta","2021A000248","Residential consumption","Cubic metres","Cubic metres","72","thousands","3","v107638570","10.4.1","214743.0","","","","1"
"2025-06","Alberta","2021A000248","Residential consumption","Cubic metres","Cubic metres","72","thousands","3","v107638570","10.4.1","124214.0","","","","1"
"2025-07","Alberta","2021A000248","Residential consumption","Cubic metres","Cubic metres","72","thousands","3","v107638570","10.4.1","97037.0","","","","1"
"2025-08","Alberta","2021A000248","Residential consumption","Cubic metres","Cubic metres","72","thousands","3","v107638570","10.4.1","90352.0","","","","1"
"2025-09","Alberta","2021A000248","Residential consumption","Cubic metres","Cubic metres","72","thousands","3","v107638570","10.4.1","88117.0","","","","1"
"2025-10","Alberta","2021A000248","Residential consumption","Cubic metres","Cubic metres","72","thousands","3","v107638570","10.4.1","179258.0","","","","1"
"2025-11","Alberta","2021A000248","Residential consumption","Cubic metres","Cubic metres","72","thousands","3","v107638570","10.4.1","357478.0","","","","1"
"2025-12","Alberta","2021A000248","Residential consumption","Cubic metres","Cubic metres","72","thousands","3","v107638570","10.4.1","613283.0","","","","1"
"2022-01","Alberta","2021A000248","Exports","Cubic metres","Cubic metres","72","thousands","3","v107638576","10.7.1","41790.0","","","","1"
"2022-02","Alberta","2021A000248","Exports","Cubic metres","Cubic metres","72","thousands","3","v107638576","10.7.1","42614.0","","","","1"
"2022-03","Alberta","2021A000248","Exports","Cubic metres","Cubic metres","72","thousands","3","v107638576","10.7.1","43923.0","","","","1"
"2022-04","Alberta","2021A000248","Exports","Cubic metres","Cubic metres","72","thousands","3","v107638576","10.7.1","97909.0","","","","1"
"2022-05","Alberta","2021A000248","Exports","Cubic metres","Cubic metres","72","thousands","3","v107638576","10.7.1","104654.0","","","","1"
"2022-06","Alberta","2021A000248","Exports","Cubic metres","Cubic metres","72","thousands","3","v107638576","10.7.1","98501.0","","","","1"
"2022-07","Alberta","2021A000248","Exports","Cubic metres","Cubic metres","72","thousands","3","v107638576","10.7.1","101303.0","","","","1"
"2022-08","Alberta","2021A000248","Exports","Cubic metres","Cubic metres","72","thousands","3","v107638576","10.7.1","114911.0","","","","1"
"2022-09","Alberta","2021A000248","Exports","Cubic metres","Cubic metres","72","thousands","3","v107638576","10.7.1","97946.0","","","","1"
"2022-10","Alberta","2021A000248","Exports","Cubic metres","Cubic metres","72","thousands","3","v107638576","10.7.1","69663.0","","","","1"
"2022-11","Alberta","2021A000248","Exports","Cubic metres","Cubic metres","72","thousands","3","v107638576","10.7.1","67649.0","","","","1"
"2022-12","Alberta","2021A000248","Exports","Cubic metres","Cubic metres","72","thousands","3","v107638576","10.7.1","95605.0","","","","1"
"2023-01","Alberta","2021A000248","Exports","Cubic metres","Cubic metres","72","thousands","3","v107638576","10.7.1","99072.0","","","","1"
"2023-02","Alberta","2021A000248","Exports","Cubic metres","Cubic metres","72","thousands","3","v107638576","10.7.1","58611.0","","","","1"
"2023-03","Alberta","2021A000248","Exports","Cubic metres","Cubic metres","72","thousands","3","v107638576","10.7.1","83463.0","","","","1"
"2023-04","Alberta","2021A000248","Exports","Cubic metres","Cubic metres","72","thousands","3","v107638576","10.7.1","115169.0","","","","1"
"2023-05","Alberta","2021A000248","Exports","Cubic metres","Cubic metres","72","thousands","3","v107638576","10.7.1","104716.0","","","","1"
"2023-06","Alberta","2021A000248","Exports","Cubic metres","Cubic metres","72","thousands","3","v107638576","10.7.1","108644.0","","","","1"
"2023-07","Alberta","2021A000248","Exports","Cubic metres","Cubic metres","72","thousands","3","v107638576","10.7.1","128327.0","","","","1"
"2023-08","Alberta","2021A000248","Exports","Cubic metres","Cubic metres","72","thousands","3","v107638576","10.7.1","78908.0","","","","1"
"2023-09","Alberta","2021A000248","Exports","Cubic metres","Cubic metres","72","thousands","3","v107638576","10.7.1","62660.0","","","","1"
"2023-10","Alberta","2021A000248","Exports","Cubic metres","Cubic metres","72","thousands","3","v107638576","10.7.1","95491.0","","","","1"
"2023-11","Alberta","2021A000248","Exports","Cubic metres","Cubic metres","72","thousands","3","v107638576","10.7.1","50167.0","","","","1"
"2023-12","Alberta","2021A000248","Exports","Cubic metres","Cubic metres","72","thousands","3","v107638576","10.7.1","46049.0","","","","1"
"2024-01","Alberta","2021A000248","Exports","Cubic metres","Cubic metres","72","thousands","3","v107638576","10.7.1","115396.0","","","","1"
"2024-02","Alberta","2021A000248","Exports","Cubic metres","Cubic metres","72","thousands","3","v107638576","10.7.1","39563.0","","","","1"
"2024-03","Alberta","2021A000248","Exports","Cubic metres","Cubic metres","72","thousands","3","v107638576","10.7.1","41831.0","","","","1"
"2024-04","Alberta","2021A000248","Exports","Cubic metres","Cubic metres","72","thousands","3","v107638576","10.7.1","110166.0","","","","1"
"2024-05","Alberta","2021A000248","Exports","Cubic metres","Cubic metres","72","thousands","3","v107638576","10.7.1","120839.0","","","","1"
"2024-06","Alberta","2021A000248","Exports","Cubic metres","Cubic metres","72","thousands","3","v107638576","10.7.1","117356.0","","","","1"
"2024-07","Alberta","2021A000248","Exports","Cubic metres","Cubic metres","72","thousands","3","v107638576","10.7.1","116678.0","","","","1"
"2024-08","Alberta","2021A000248","Exports","Cubic metres","Cubic metres","72","thousands","3","v107638576","10.7.1","91185.0","","","","1"
"2024-09","Alberta","2021A000248","Exports","Cubic metres","Cubic metres","72","thousands","3","v107638576","10.7.1","73457.0","","","","1"
"2024-10","Alberta","2021A000248","Exports","Cubic metres","Cubic metres","72","thousands","3","v107638576","10.7.1","41465.0","","","","1"
"2024-11","Alberta","2021A000248","Exports","Cubic metres","Cubic metres","72","thousands","3","v107638576","10.7.1","49886.0","","","","1"
"2024-12","Alberta","2021A000248","Exports","Cubic metres","Cubic metres","72","thousands","3","v107638576","10.7.1","60689.0","","","","1"
"2025-01","Alberta","2021A000248","Exports","Cubic metres","Cubic metres","72","thousands","3","v107638576","10.7.1","78008.0","","","","1"
"2025-02","Alberta","2021A000248","Exports","Cubic metres","Cubic metres","72","thousands","3","v107638576","10.7.1","78110.0","","","","1"
"2025-03","Alberta","2021A000248","Exports","Cubic metres","Cubic metres","72","thousands","3","v107638576","10.7.1","40457.0","","","","1"
"2025-04","Alberta","2021A000248","Exports","Cubic metres","Cubic metres","72","thousands","3","v107638576","10.7.1","87900.0","","","","1"
"2025-05","Alberta","2021A000248","Exports","Cubic metres","Cubic metres","72","thousands","3","v107638576","10.7.1","104869.0","","","","1"
"2025-06","Alberta","2021A000248","Exports","Cubic metres","Cubic metres","72","thousands","3","v107638576","10.7.1","86440.0","","","","1"
"2025-07","Alberta","2021A000248","Exports","Cubic metres","Cubic metres","72","thousands","3","v107638576","10.7.1","133508.0","","","","1"
"2025-08","Alberta","2021A000248","Exports","Cubic metres","Cubic metres","72","thousands","3","v107638576","10.7.1","125714.0","","","","1"
"2025-09","Alberta","2021A000248","Exports","Cubic metres","Cubic metres","72","thousands","3","v107638576","10.7.1","93944.0","","","","1"
"2025-10","Alberta","2021A000248","Exports","Cubic metres","Cubic metres","72","thousands","3","v107638576","10.7.1","82957.0","","","","1"
"2025-11","Alberta","2021A000248","Exports","Cubic metres","Cubic metres","72","thousands","3","v107638576","10.7.1","55874.0","","","","1"
"2025-12","Alberta","2021A000248","Exports","Cubic metres","Cubic metres","72","thousands","3","v107638576","10.7.1","44064.0","","","","1"
"2022-01","Alberta","2021A000248","Closing inventory","Cubic metres","Cubic metres","72","thousands","3","v107638580","10.9.1","9150457.7","","","","1"
"2022-02","Alberta","2021A000248","Closing inventory","Cubic metres","Cubic metres","72","thousands","3","v107638580","10.9.1","7788128.2","","","","1"
"2022-03","Alberta","2021A000248","Closing inventory","Cubic metres","Cubic metres","72","thousands","3","v107638580","10.9.1","7097054.0","","","","1"
"2022-04","Alberta","2021A000248","Closing inventory","Cubic metres","Cubic metres","72","thousands","3","v107638580","10.9.1","7061529.9","","","","1"
"2022-05","Alberta","2021A000248","Closing inventory","Cubic metres","Cubic metres","72","thousands","3","v107638580","10.9.1","7766890.4","","","","1"
"2022-06","Alberta","2021A000248","Closing inventory","Cubic metres","Cubic metres","72","thousands","3","v107638580","10.9.1","8509748.0","","","","1"
"2022-07","Alberta","2021A000248","Closing inventory","Cubic metres","Cubic metres","72","thousands","3","v107638580","10.9.1","9615539.6","","","","1"
"2022-08","Alberta","2021A000248","Closing inventory","Cubic metres","Cubic metres","72","thousands","3","v107638580","10.9.1","10697378.0","","","","1"
"2022-09","Alberta","2021A000248","Closing inventory","Cubic metres","Cubic metres","72","thousands","3","v107638580","10.9.1","11415254.9","","","","1"
"2022-10","Alberta","2021A000248","Closing inventory","Cubic metres","Cubic metres","72","thousands","3","v107638580","10.9.1","12010947.2","","","","1"
"2022-11","Alberta","2021A000248","Closing inventory","Cubic metres","Cubic metres","72","thousands","3","v107638580","10.9.1","11687808.1","","","","1"
"2022-12","Alberta","2021A000248","Closing inventory","Cubic metres","Cubic metres","72","thousands","3","v107638580","10.9.1","9955131.6","","","","1"
"2023-01","Alberta","2021A000248","Closing inventory","Cubic metres","Cubic metres","72","thousands","3","v107638580","10.9.1","9176947.8","","","","1"
"2023-02","Alberta","2021A000248","Closing inventory","Cubic metres","Cubic metres","72","thousands","3","v107638580","10.9.1","8598270.7","","","","1"
"2023-03","Alberta","2021A000248","Closing inventory","Cubic metres","Cubic metres","72","thousands","3","v107638580","10.9.1","8512047.2","","","","1"
"2023-04","Alberta","2021A000248","Closing inventory","Cubic metres","Cubic metres","72","thousands","3","v107638580","10.9.1","9823659.2","","","","1"
"2023-05","Alberta","2021A000248","Closing inventory","Cubic metres","Cubic metres","72","thousands","3","v107638580","10.9.1","10836711.4","","","","1"
"2023-06","Alberta","2021A000248","Closing inventory","Cubic metres","Cubic metres","72","thousands","3","v107638580","10.9.1","11802306.6","","","","1"
"2023-07","Alberta","2021A000248","Closing inventory","Cubic metres","Cubic metres","72","thousands","3","v107638580","10.9.1","12738685.6","","","","1"
"2023-08","Alberta","2021A000248","Closing inventory","Cubic metres","Cubic metres","72","thousands","3","v107638580","10.9.1","14113855.6","","","","1"
"2023-09","Alberta","2021A000248","Closing inventory","Cubic metres","Cubic metres","72","thousands","3","v107638580","10.9.1","15228309.5","","","","1"
"2023-10","Alberta","2021A000248","Closing inventory","Cubic metres","Cubic metres","72","thousands","3","v107638580","10.9.1","16188829.9","","","","1"
"2023-11","Alberta","2021A000248","Closing inventory","Cubic metres","Cubic metres","72","thousands","3","v107638580","10.9.1","16141753.1","","","","1"
"2023-12","Alberta","2021A000248","Closing inventory","Cubic metres","Cubic metres","72","thousands","3","v107638580","10.9.1","15629265.7","","","","1"
"2024-01","Alberta","2021A000248","Closing inventory","Cubic metres","Cubic metres","72","thousands","3","v107638580","10.9.1","13827966.8","","","","1"
"2024-02","Alberta","2021A000248","Closing inventory","Cubic metres","Cubic metres","72","thousands","3","v107638580","10.9.1","13213859.3","","","","1"
"2024-03","Alberta","2021A000248","Closing inventory","Cubic metres","Cubic metres","72","thousands","3","v107638580","10.9.1","13170982.0","","","","1"
"2024-04","Alberta","2021A000248","Closing inventory","Cubic metres","Cubic metres","72","thousands","3","v107638580","10.9.1","14176279.1","","","","1"
"2024-05","Alberta","2021A000248","Closing inventory","Cubic metres","Cubic metres","72","thousands","3","v107638580","10.9.1","14990461.4","","","","1"
"2024-06","Alberta","2021A000248","Closing inventory","Cubic metres","Cubic metres","72","thousands","3","v107638580","10.9.1","15790235.0","","","","1"
"2024-07","Alberta","2021A000248","Closing inventory","Cubic metres","Cubic metres","72","thousands","3","v107638580","10.9.1","16200908.4","","","","1"
"2024-08","Alberta","2021A000248","Closing inventory","Cubic metres","Cubic metres","72","thousands","3","v107638580","10.9.1","16966398.7","","","","1"
"2024-09","Alberta","2021A000248","Closing inventory","Cubic metres","Cubic metres","72","thousands","3","v107638580","10.9.1","17408208.6","","","","1"
"2024-10","Alberta","2021A000248","Closing inventory","Cubic metres","Cubic metres","72","thousands","3","v107638580","10.9.1","17741298.3","","","","1"
"2024-11","Alberta","2021A000248","Closing inventory","Cubic metres","Cubic metres","72","thousands","3","v107638580","10.9.1","17338005.1","","","","1"
"2024-12","Alberta","2021A000248","Closing inventory","Cubic metres","Cubic metres","72","thousands","3","v107638580","10.9.1","16412931.3","","","","1"
"2025-01","Alberta","2021A000248","Closing inventory","Cubic metres","Cubic metres","72","thousands","3","v107638580","10.9.1","15174664.5","","","","1"
"2025-02","Alberta","2021A000248","Closing inventory","Cubic metres","Cubic metres","72","thousands","3","v107638580","10.9.1","13494100.2","","","","1"
"2025-03","Alberta","2021A000248","Closing inventory","Cubic metres","Cubic metres","72","thousands","3","v107638580","10.9.1","13061442.5","","","","1"
"2025-04","Alberta","2021A000248","Closing inventory","Cubic metres","Cubic metres","72","thousands","3","v107638580","10.9.1","13633546.9","","","","1"
"2025-05","Alberta","2021A000248","Closing inventory","Cubic metres","Cubic metres","72","thousands","3","v107638580","10.9.1","14885888.1","","","","1"
"2025-06","Alberta","2021A000248","Closing inventory","Cubic metres","Cubic metres","72","thousands","3","v107638580","10.9.1","15667045.0","","","","1"
"2025-07","Alberta","2021A000248","Closing inventory","Cubic metres","Cubic metres","72","thousands","3","v107638580","10.9.1","16590520.8","","","","1"
"2025-08","Alberta","2021A000248","Closing inventory","Cubic metres","Cubic metres","72","thousands","3","v107638580","10.9.1","17257842.7","","","","1"
"2025-09","Alberta","2021A000248","Closing inventory","Cubic metres","Cubic metres","72","thousands","3","v107638580","10.9.1","17915773.4","","","","1"
"2025-10","Alberta","2021A000248","Closing inventory","Cubic metres","Cubic metres","72","thousands","3","v107638580","10.9.1","18151386.6","","","","1"
"2025-11","Alberta","2021A000248","Closing inventory","Cubic metres","Cubic metres","72","thousands","3","v107638580","10.9.1","17960528.8","","","","1"
"2025-12","Alberta","2021A000248","Closing inventory","Cubic metres","Cubic metres","72","thousands","3","v107638580","10.9.1","16230987.4","","","","1"
"2022-01","British Columbia","2021A000259","Marketable production","Cubic metres","Cubic metres","72","thousands","3","v107638586","11.2.1","4981135.0","","","","1"
"2022-02","British Columbia","2021A000259","Marketable production","Cubic metres","Cubic metres","72","thousands","3","v107638586","11.2.1","4523401.0","","","","1"
"2022-03","British Columbia","2021A000259","Marketable production","Cubic metres","Cubic metres","72","thousands","3","v107638586","11.2.1","4942552.0","","","","1"
"2022-04","British Columbia","2021A000259","Marketable production","Cubic metres","Cubic metres","72","thousands","3","v107638586","11.2.1","4808930.0","","","","1"
"2022-05","British Columbia","2021A000259","Marketable production","Cubic metres","Cubic metres","72","thousands","3","v107638586","11.2.1","4879943.0","","","","1"
"2022-06","British Columbia","2021A000259","Marketable production","Cubic metres","Cubic metres","72","thousands","3","v107638586","11.2.1","4669533.0","","","","1"
"2022-07","British Columbia","2021A000259","Marketable production","Cubic metres","Cubic metres","72","thousands","3","v107638586","11.2.1","4895325.0","","","","1"
"2022-08","British Columbia","2021A000259","Marketable production","Cubic metres","Cubic metres","72","thousands","3","v107638586","11.2.1","4957973.0","","","","1"
"2022-09","British Columbia","2021A000259","Marketable production","Cubic metres","Cubic metres","72","thousands","3","v107638586","11.2.1","4712002.0","","","","1"
"2022-10","British Columbia","2021A000259","Marketable production","Cubic metres","Cubic metres","72","thousands","3","v107638586","11.2.1","5148441.0","","","","1"
"2022-11","British Columbia","2021A000259","Marketable production","Cubic metres","Cubic metres","72","thousands","3","v107638586","11.2.1","5219357.0","","","","1"
"2022-12","British Columbia","2021A000259","Marketable production","Cubic metres","Cubic metres","72","thousands","3","v107638586","11.2.1","5545359.0","","","","1"
"2023-01","British Columbia","2021A000259","Marketable production","Cubic metres","Cubic metres","72","thousands","3","v107638586","11.2.1","5512424.0","","","","1"
"2023-02","British Columbia","2021A000259","Marketable production","Cubic metres","Cubic metres","72","thousands","3","v107638586","11.2.1","4902128.0","","","","1"
"2023-03","British Columbia","2021A000259","Marketable production","Cubic metres","Cubic metres","72","thousands","3","v107638586","11.2.1","5552328.0","","","","1"
"2023-04","British Columbia","2021A000259","Marketable production","Cubic metres","Cubic metres","72","thousands","3","v107638586","11.2.1","5352727.0","","","","1"
"2023-05","British Columbia","2021A000259","Marketable production","Cubic metres","Cubic metres","72","thousands","3","v107638586","11.2.1","5232397.0","","","","1"
"2023-06","British Columbia","2021A000259","Marketable production","Cubic metres","Cubic metres","72","thousands","3","v107638586","11.2.1","4970084.0","","","","1"
"2023-07","British Columbia","2021A000259","Marketable production","Cubic metres","Cubic metres","72","thousands","3","v107638586","11.2.1","5237722.0","","","","1"
"2023-08","British Columbia","2021A000259","Marketable production","Cubic metres","Cubic metres","72","thousands","3","v107638586","11.2.1","5278157.0","","","","1"
"2023-09","British Columbia","2021A000259","Marketable production","Cubic metres","Cubic metres","72","thousands","3","v107638586","11.2.1","5042900.0","","","","1"
"2023-10","British Columbia","2021A000259","Marketable production","Cubic metres","Cubic metres","72","thousands","3","v107638586","11.2.1","5523080.0","","","","1"
"2023-11","British Columbia","2021A000259","Marketable production","Cubic metres","Cubic metres","72","thousands","3","v107638586","11.2.1","5380046.0","","","","1"
"2023-12","British Columbia","2021A000259","Marketable production","Cubic metres","Cubic metres","72","thousands","3","v107638586","11.2.1","5756181.0","","","","1"
"2024-01","British Columbia","2021A000259","Marketable production","Cubic metres","Cubic metres","72","thousands","3","v107638586","11.2.1","5871015.0","","","","1"
"2024-02","British Columbia","2021A000259","Marketable production","Cubic metres","Cubic metres","72","thousands","3","v107638586","11.2.1","5599549.0","","","","1"
"2024-03","British Columbia","2021A000259","Marketable production","Cubic metres","Cubic metres","72","thousands","3","v107638586","11.2.1","5842180.0","","","","1"
"2024-04","British Columbia","2021A000259","Marketable production","Cubic metres","Cubic metres","72","thousands","3","v107638586","11.2.1","5526675.0","","","","1"
"2024-05","British Columbia","2021A000259","Marketable production","Cubic metres","Cubic metres","72","thousands","3","v107638586","11.2.1","5557783.0","","","","1"
"2024-06","British Columbia","2021A000259","Marketable production","Cubic metres","Cubic metres","72","thousands","3","v107638586","11.2.1","5457849.0","","","","1"
"2024-07","British Columbia","2021A000259","Marketable production","Cubic metres","Cubic metres","72","thousands","3","v107638586","11.2.1","5229111.0","","","","1"
"2024-08","British Columbia","2021A000259","Marketable production","Cubic metres","Cubic metres","72","thousands","3","v107638586","11.2.1","5632716.0","","","","1"
"2024-09","British Columbia","2021A000259","Marketable production","Cubic metres","Cubic metres","72","thousands","3","v107638586","11.2.1","5312880.0","","","","1"
"2024-10","British Columbia","2021A000259","Marketable production","Cubic metres","Cubic metres","72","thousands","3","v107638586","11.2.1","5792826.0","","","","1"
"2024-11","British Columbia","2021A000259","Marketable production","Cubic metres","Cubic metres","72","thousands","3","v107638586","11.2.1","5953060.0","","","","1"
"2024-12","British Columbia","2021A000259","Marketable production","Cubic metres","Cubic metres","72","thousands","3","v107638586","11.2.1","6307072.0","","","","1"
"2025-01","British Columbia","2021A000259","Marketable production","Cubic metres","Cubic metres","72","thousands","3","v107638586","11.2.1","6281538.0","","","","1"
"2025-02","British Columbia","2021A000259","Marketable production","Cubic metres","Cubic metres","72","thousands","3","v107638586","11.2.1","5728295.0","","","","1"
"2025-03","British Columbia","2021A000259","Marketable production","Cubic metres","Cubic metres","72","thousands","3","v107638586","11.2.1","6138756.0","","","","1"
"2025-04","British Columbia","2021A000259","Marketable production","Cubic metres","Cubic metres","72","thousands","3","v107638586","11.2.1","5651572.0","","","","1"
"2025-05","British Columbia","2021A000259","Marketable production","Cubic metres","Cubic metres","72","thousands","3","v107638586","11.2.1","5999655.0","","","","1"
"2025-06","British Columbia","2021A000259","Marketable production","Cubic metres","Cubic metres","72","thousands","3","v107638586","11.2.1","5807242.0","","","","1"
"2025-07","British Columbia","2021A000259","Marketable production","Cubic metres","Cubic metres","72","thousands","3","v107638586","11.2.1","6054156.0","","","","1"
"2025-08","British Columbia","2021A000259","Marketable production","Cubic metres","Cubic metres","72","thousands","3","v107638586","11.2.1","5784564.0","","","","1"
"2025-09","British Columbia","2021A000259","Marketable production","Cubic metres","Cubic metres","72","thousands","3","v107638586","11.2.1","5394127.0","","","","1"
"2025-10","British Columbia","2021A000259","Marketable production","Cubic metres","Cubic metres","72","thousands","3","v107638586","11.2.1","6185895.0","","","","1"
"2025-11","British Columbia","2021A000259","Marketable production","Cubic metres","Cubic metres","72","thousands","3","v107638586","11.2.1","6484308.0","","","","1"
"2025-12","British Columbia","2021A000259","Marketable production","Cubic metres","Cubic metres","72","thousands","3","v107638586","11.2.1","6577171.0","","","","1"
"2022-01","British Columbia","2021A000259","Residential consumption","Cubic metres","Cubic metres","72","thousands","3","v107638590","11.4.1","341556.0","","","","1"
"2022-02","British Columbia","2021A000259","Residential consumption","Cubic metres","Cubic metres","72","thousands","3","v107638590","11.4.1","272769.0","","","","1"
"2022-03","British Columbia","2021A000259","Residential consumption","Cubic metres","Cubic metres","72","thousands","3","v107638590","11.4.1","226409.0","","","","1"
"2022-04","British Columbia","2021A000259","Residential consumption","Cubic metres","Cubic metres","72","thousands","3","v107638590","11.4.1","188693.0","","","","1"
"2022-05","British Columbia","2021A000259","Residential consumption","Cubic metres","Cubic metres","72","thousands","3","v107638590","11.4.1","132448.0","","","","1"
"2022-06","British Columbia","2021A000259","Residential consumption","Cubic metres","Cubic metres","72","thousands","3","v107638590","11.4.1","70255.0","","","","1"
"2022-07","British Columbia","2021A000259","Residential consumption","Cubic metres","Cubic metres","72","thousands","3","v107638590","11.4.1","58430.0","","","","1"
"2022-08","British Columbia","2021A000259","Residential consumption","Cubic metres","Cubic metres","72","thousands","3","v107638590","11.4.1","51725.0","","","","1"
"2022-09","British Columbia","2021A000259","Residential consumption","Cubic metres","Cubic metres","72","thousands","3","v107638590","11.4.1","56851.0","","","","1"
"2022-10","British Columbia","2021A000259","Residential consumption","Cubic metres","Cubic metres","72","thousands","3","v107638590","11.4.1","124101.0","","","","1"
"2022-11","British Columbia","2021A000259","Residential consumption","Cubic metres","Cubic metres","72","thousands","3","v107638590","11.4.1","276605.0","","","","1"
"2022-12","British Columbia","2021A000259","Residential consumption","Cubic metres","Cubic metres","72","thousands","3","v107638590","11.4.1","397241.0","","","","1"
"2023-01","British Columbia","2021A000259","Residential consumption","Cubic metres","Cubic metres","72","thousands","3","v107638590","11.4.1","253752.0","","","","1"
"2023-02","British Columbia","2021A000259","Residential consumption","Cubic metres","Cubic metres","72","thousands","3","v107638590","11.4.1","280034.0","","","","1"
"2023-03","British Columbia","2021A000259","Residential consumption","Cubic metres","Cubic metres","72","thousands","3","v107638590","11.4.1","257774.0","","","","1"
"2023-04","British Columbia","2021A000259","Residential consumption","Cubic metres","Cubic metres","72","thousands","3","v107638590","11.4.1","177722.0","","","","1"
"2023-05","British Columbia","2021A000259","Residential consumption","Cubic metres","Cubic metres","72","thousands","3","v107638590","11.4.1","76178.0","","","","1"
"2023-06","British Columbia","2021A000259","Residential consumption","Cubic metres","Cubic metres","72","thousands","3","v107638590","11.4.1","63820.0","","","","1"
"2023-07","British Columbia","2021A000259","Residential consumption","Cubic metres","Cubic metres","72","thousands","3","v107638590","11.4.1","52352.0","","","","1"
"2023-08","British Columbia","2021A000259","Residential consumption","Cubic metres","Cubic metres","72","thousands","3","v107638590","11.4.1","51127.0","","","","1"
"2023-09","British Columbia","2021A000259","Residential consumption","Cubic metres","Cubic metres","72","thousands","3","v107638590","11.4.1","64263.0","","","","1"
"2023-10","British Columbia","2021A000259","Residential consumption","Cubic metres","Cubic metres","72","thousands","3","v107638590","11.4.1","132499.0","","","","1"
"2023-11","British Columbia","2021A000259","Residential consumption","Cubic metres","Cubic metres","72","thousands","3","v107638590","11.4.1","244104.0","","","","1"
"2023-12","British Columbia","2021A000259","Residential consumption","Cubic metres","Cubic metres","72","thousands","3","v107638590","11.4.1","276651.0","","","","1"
"2024-01","British Columbia","2021A000259","Residential consumption","Cubic metres","Cubic metres","72","thousands","3","v107638590","11.4.1","316615.0","","","","1"
"2024-02","British Columbia","2021A000259","Residential consumption","Cubic metres","Cubic metres","72","thousands","3","v107638590","11.4.1","252115.0","","","","1"
"2024-03","British Columbia","2021A000259","Residential consumption","Cubic metres","Cubic metres","72","thousands","3","v107638590","11.4.1","226547.0","","","","1"
"2024-04","British Columbia","2021A000259","Residential consumption","Cubic metres","Cubic metres","72","thousands","3","v107638590","11.4.1","161092.0","","","","1"
"2024-05","British Columbia","2021A000259","Residential consumption","Cubic metres","Cubic metres","72","thousands","3","v107638590","11.4.1","103343.0","","","","1"
"2024-06","British Columbia","2021A000259","Residential consumption","Cubic metres","Cubic metres","72","thousands","3","v107638590","11.4.1","69643.0","","","","1"
"2024-07","British Columbia","2021A000259","Residential consumption","Cubic metres","Cubic metres","72","thousands","3","v107638590","11.4.1","53373.0","","","","1"
"2024-08","British Columbia","2021A000259","Residential consumption","Cubic metres","Cubic metres","72","thousands","3","v107638590","11.4.1","53498.0","","","","1"
"2024-09","British Columbia","2021A000259","Residential consumption","Cubic metres","Cubic metres","72","thousands","3","v107638590","11.4.1","67980.0","","","","1"
"2024-10","British Columbia","2021A000259","Residential consumption","Cubic metres","Cubic metres","72","thousands","3","v107638590","11.4.1","138508.0","","","","1"
"2024-11","British Columbia","2021A000259","Residential consumption","Cubic metres","Cubic metres","72","thousands","3","v107638590","11.4.1","234583.0","","","","1"
"2024-12","British Columbia","2021A000259","Residential consumption","Cubic metres","Cubic metres","72","thousands","3","v107638590","11.4.1","285647.0","","","","1"
"2025-01","British Columbia","2021A000259","Residential consumption","Cubic metres","Cubic metres","72","thousands","3","v107638590","11.4.1","304231.0","","","","1"
"2025-02","British Columbia","2021A000259","Residential consumption","Cubic metres","Cubic metres","72","thousands","3","v107638590","11.4.1","305405.0","","","","1"
"2025-03","British Columbia","2021A000259","Residential consumption","Cubic metres","Cubic metres","72","thousands","3","v107638590","11.4.1","207213.0","","","","1"
"2025-04","British Columbia","2021A000259","Residential consumption","Cubic metres","Cubic metres","72","thousands","3","v107638590","11.4.1","150347.0","","","","1"
"2025-05","British Columbia","2021A000259","Residential consumption","Cubic metres","Cubic metres","72","thousands","3","v107638590","11.4.1","88848.0","","","","1"
"2025-06","British Columbia","2021A000259","Residential consumption","Cubic metres","Cubic metres","72","thousands","3","v107638590","11.4.1","65209.0","","","","1"
"2025-07","British Columbia","2021A000259","Residential consumption","Cubic metres","Cubic metres","72","thousands","3","v107638590","11.4.1","48319.0","","","","1"
"2025-08","British Columbia","2021A000259","Residential consumption","Cubic metres","Cubic metres","72","thousands","3","v107638590","11.4.1","51337.0","","","","1"
"2025-09","British Columbia","2021A000259","Residential consumption","Cubic metres","Cubic metres","72","thousands","3","v107638590","11.4.1","53556.0","","","","1"
"2025-10","British Columbia","2021A000259","Residential consumption","Cubic metres","Cubic metres","72","thousands","3","v107638590","11.4.1","149443.0","","","","1"
"2025-11","British Columbia","2021A000259","Residential consumption","Cubic metres","Cubic metres","72","thousands","3","v107638590","11.4.1","219138.0","","","","1"
"2025-12","British Columbia","2021A000259","Residential consumption","Cubic metres","Cubic metres","72","thousands","3","v107638590","11.4.1","259143.0","","","","1"
"2022-01","British Columbia","2021A000259","Exports","Cubic metres","Cubic metres","72","thousands","3","v107638596","11.7.1","3354051.0","","","","1"
"2022-02","British Columbia","2021A000259","Exports","Cubic metres","Cubic metres","72","thousands","3","v107638596","11.7.1","3031118.0","","","","1"
"2022-03","British Columbia","2021A000259","Exports","Cubic metres","Cubic metres","72","thousands","3","v107638596","11.7.1","3357149.0","","","","1"
"2022-04","British Columbia","2021A000259","Exports","Cubic metres","Cubic metres","72","thousands","3","v107638596","11.7.1","3003665.0","","","","1"
"2022-05","British Columbia","2021A000259","Exports","Cubic metres","Cubic metres","72","thousands","3","v107638596","11.7.1","2697806.0","","","","1"
"2022-06","British Columbia","2021A000259","Exports","Cubic metres","Cubic metres","72","thousands","3","v107638596","11.7.1","2717222.0","","","","1"
"2022-07","British Columbia","2021A000259","Exports","Cubic metres","Cubic metres","72","thousands","3","v107638596","11.7.1","2905758.0","","","","1"
"2022-08","British Columbia","2021A000259","Exports","Cubic metres","Cubic metres","72","thousands","3","v107638596","11.7.1","2725472.0","","","","1"
"2022-09","British Columbia","2021A000259","Exports","Cubic metres","Cubic metres","72","thousands","3","v107638596","11.7.1","2882166.0","","","","1"
"2022-10","British Columbia","2021A000259","Exports","Cubic metres","Cubic metres","72","thousands","3","v107638596","11.7.1","2927946.0","","","","1"
"2022-11","British Columbia","2021A000259","Exports","Cubic metres","Cubic metres","72","thousands","3","v107638596","11.7.1","3176601.0","","","","1"
"2022-12","British Columbia","2021A000259","Exports","Cubic metres","Cubic metres","72","thousands","3","v107638596","11.7.1","3317853.0","","","","1"
"2023-01","British Columbia","2021A000259","Exports","Cubic metres","Cubic metres","72","thousands","3","v107638596","11.7.1","3457383.0","","","","1"
"2023-02","British Columbia","2021A000259","Exports","Cubic metres","Cubic metres","72","thousands","3","v107638596","11.7.1","3070515.0","","","","1"
"2023-03","British Columbia","2021A000259","Exports","Cubic metres","Cubic metres","72","thousands","3","v107638596","11.7.1","3483307.0","","","","1"
"2023-04","British Columbia","2021A000259","Exports","Cubic metres","Cubic metres","72","thousands","3","v107638596","11.7.1","3122887.0","","","","1"
"2023-05","British Columbia","2021A000259","Exports","Cubic metres","Cubic metres","72","thousands","3","v107638596","11.7.1","2787538.0","","","","1"
"2023-06","British Columbia","2021A000259","Exports","Cubic metres","Cubic metres","72","thousands","3","v107638596","11.7.1","2974955.0","","","","1"
"2023-07","British Columbia","2021A000259","Exports","Cubic metres","Cubic metres","72","thousands","3","v107638596","11.7.1","3037975.0","","","","1"
"2023-08","British Columbia","2021A000259","Exports","Cubic metres","Cubic metres","72","thousands","3","v107638596","11.7.1","3143786.0","","","","1"
"2023-09","British Columbia","2021A000259","Exports","Cubic metres","Cubic metres","72","thousands","3","v107638596","11.7.1","3104709.0","","","","1"
"2023-10","British Columbia","2021A000259","Exports","Cubic metres","Cubic metres","72","thousands","3","v107638596","11.7.1","2887694.0","","","","1"
"2023-11","British Columbia","2021A000259","Exports","Cubic metres","Cubic metres","72","thousands","3","v107638596","11.7.1","3096053.0","","","","1"
"2023-12","British Columbia","2021A000259","Exports","Cubic metres","Cubic metres","72","thousands","3","v107638596","11.7.1","3505780.0","","","","1"
"2024-01","British Columbia","2021A000259","Exports","Cubic metres","Cubic metres","72","thousands","3","v107638596","11.7.1","3440692.0","","","","1"
"2024-02","British Columbia","2021A000259","Exports","Cubic metres","Cubic metres","72","thousands","3","v107638596","11.7.1","3325332.0","","","","1"
"2024-03","British Columbia","2021A000259","Exports","Cubic metres","Cubic metres","72","thousands","3","v107638596","11.7.1","3340537.0","","","","1"
"2024-04","British Columbia","2021A000259","Exports","Cubic metres","Cubic metres","72","thousands","3","v107638596","11.7.1","2925589.0","","","","1"
"2024-05","British Columbia","2021A000259","Exports","Cubic metres","Cubic metres","72","thousands","3","v107638596","11.7.1","2916228.0","","","","1"
"2024-06","British Columbia","2021A000259","Exports","Cubic metres","Cubic metres","72","thousands","3","v107638596","11.7.1","2780663.0","","","","1"
"2024-07","British Columbia","2021A000259","Exports","Cubic metres","Cubic metres","72","thousands","3","v107638596","11.7.1","3135562.0","","","","1"
"2024-08","British Columbia","2021A000259","Exports","Cubic metres","Cubic metres","72","thousands","3","v107638596","11.7.1","3055927.0","","","","1"
"2024-09","British Columbia","2021A000259","Exports","Cubic metres","Cubic metres","72","thousands","3","v107638596","11.7.1","3072712.0","","","","1"
"2024-10","British Columbia","2021A000259","Exports","Cubic metres","Cubic metres","72","thousands","3","v107638596","11.7.1","3100472.0","","","","1"
"2024-11","British Columbia","2021A000259","Exports","Cubic metres","Cubic metres","72","thousands","3","v107638596","11.7.1","3281586.0","","","","1"
"2024-12","British Columbia","2021A000259","Exports","Cubic metres","Cubic metres","72","thousands","3","v107638596","11.7.1","3636207.0","","","","1"
"2025-01","British Columbia","2021A000259","Exports","Cubic metres","Cubic metres","72","thousands","3","v107638596","11.7.1","3700387.0","","","","1"
"2025-02","British Columbia","2021A000259","Exports","Cubic metres","Cubic metres","72","thousands","3","v107638596","11.7.1","3287812.0","","","","1"
"2025-03","British Columbia","2021A000259","Exports","Cubic metres","Cubic metres","72","thousands","3","v107638596","11.7.1","3464778.0","","","","1"
"2025-04","British Columbia","2021A000259","Exports","Cubic metres","Cubic metres","72","thousands","3","v107638596","11.7.1","3131291.0","","","","1"
"2025-05","British Columbia","2021A000259","Exports","Cubic metres","Cubic metres","72","thousands","3","v107638596","11.7.1","3081953.0","","","","1"
"2025-06","British Columbia","2021A000259","Exports","Cubic metres","Cubic metres","72","thousands","3","v107638596","11.7.1","2997004.0","","","","1"
"2025-07","British Columbia","2021A000259","Exports","Cubic metres","Cubic metres","72","thousands","3","v107638596","11.7.1","3635362.0","","","","1"
"2025-08","British Columbia","2021A000259","Exports","Cubic metres","Cubic metres","72","thousands","3","v107638596","11.7.1","3342017.0","","","","1"
"2025-09","British Columbia","2021A000259","Exports","Cubic metres","Cubic metres","72","thousands","3","v107638596","11.7.1","3398366.0","","","","1"
"2025-10","British Columbia","2021A000259","Exports","Cubic metres","Cubic metres","72","thousands","3","v107638596","11.7.1","3708286.0","","","","1"
"2025-11","British Columbia","2021A000259","Exports","Cubic metres","Cubic metres","72","thousands","3","v107638596","11.7.1","3878607.0","","","","1"
"2025-12","British Columbia","2021A000259","Exports","Cubic metres","Cubic metres","72","thousands","3","v107638596","11.7.1","3904388.0","","","","1"
"2022-01","British Columbia","2021A000259","Closing inventory","Cubic metres","Cubic metres","72","thousands","3","v107638600","11.9.1","821206.9","","","","1"
"2022-02","British Columbia","2021A000259","Closing inventory","Cubic metres","Cubic metres","72","thousands","3","v107638600","11.9.1","535060.7","","","","1"
"2022-03","British Columbia","2021A000259","Closing inventory","Cubic metres","Cubic metres","72","thousands","3","v107638600","11.9.1","325659.3","","","","1"
"2022-04","British Columbia","2021A000259","Closing inventory","Cubic metres","Cubic metres","72","thousands","3","v107638600","11.9.1","250433.0","","","","1"
"2022-05","British Columbia","2021A000259","Closing inventory","Cubic metres","Cubic metres","72","thousands","3","v107638600","11.9.1","509866.5","","","","1"
"2022-06","British Columbia","2021A000259","Closing inventory","Cubic metres","Cubic metres","72","thousands","3","v107638600","11.9.1","759917.1","","","","1"
"2022-07","British Columbia","2021A000259","Closing inventory","Cubic metres","Cubic metres","72","thousands","3","v107638600","11.9.1","1046214.0","","","","1"
"2022-08","British Columbia","2021A000259","Closing inventory","Cubic metres","Cubic metres","72","thousands","3","v107638600","11.9.1","1465901.7","","","","1"
"2022-09","British Columbia","2021A000259","Closing inventory","Cubic metres","Cubic metres","72","thousands","3","v107638600","11.9.1","1715943.6","","","","1"
"2022-10","British Columbia","2021A000259","Closing inventory","Cubic metres","Cubic metres","72","thousands","3","v107638600","11.9.1","1894951.5","","","","1"
"2022-11","British Columbia","2021A000259","Closing inventory","Cubic metres","Cubic metres","72","thousands","3","v107638600","11.9.1","1739485.6","","","","1"
"2022-12","British Columbia","2021A000259","Closing inventory","Cubic metres","Cubic metres","72","thousands","3","v107638600","11.9.1","1386301.4","","","","1"
"2023-01","British Columbia","2021A000259","Closing inventory","Cubic metres","Cubic metres","72","thousands","3","v107638600","11.9.1","1069287.0","","","","1"
"2023-02","British Columbia","2021A000259","Closing inventory","Cubic metres","Cubic metres","72","thousands","3","v107638600","11.9.1","800155.5","","","","1"
"2023-03","British Columbia","2021A000259","Closing inventory","Cubic metres","Cubic metres","72","thousands","3","v107638600","11.9.1","561566.6","","","","1"
"2023-04","British Columbia","2021A000259","Closing inventory","Cubic metres","Cubic metres","72","thousands","3","v107638600","11.9.1","560489.1","","","","1"
"2023-05","British Columbia","2021A000259","Closing inventory","Cubic metres","Cubic metres","72","thousands","3","v107638600","11.9.1","710349.0","","","","1"
"2023-06","British Columbia","2021A000259","Closing inventory","Cubic metres","Cubic metres","72","thousands","3","v107638600","11.9.1","818069.9","","","","1"
"2023-07","British Columbia","2021A000259","Closing inventory","Cubic metres","Cubic metres","72","thousands","3","v107638600","11.9.1","1164316.5","","","","1"
"2023-08","British Columbia","2021A000259","Closing inventory","Cubic metres","Cubic metres","72","thousands","3","v107638600","11.9.1","1420008.6","","","","1"
"2023-09","British Columbia","2021A000259","Closing inventory","Cubic metres","Cubic metres","72","thousands","3","v107638600","11.9.1","1591148.4","","","","1"
"2023-10","British Columbia","2021A000259","Closing inventory","Cubic metres","Cubic metres","72","thousands","3","v107638600","11.9.1","1723255.4","","","","1"
"2023-11","British Columbia","2021A000259","Closing inventory","Cubic metres","Cubic metres","72","thousands","3","v107638600","11.9.1","1577926.2","","","","1"
"2023-12","British Columbia","2021A000259","Closing inventory","Cubic metres","Cubic metres","72","thousands","3","v107638600","11.9.1","1385488.4","","","","1"
"2024-01","British Columbia","2021A000259","Closing inventory","Cubic metres","Cubic metres","72","thousands","3","v107638600","11.9.1","1067891.2","","","","1"
"2024-02","British Columbia","2021A000259","Closing inventory","Cubic metres","Cubic metres","72","thousands","3","v107638600","11.9.1","790879.0","","","","1"
"2024-03","British Columbia","2021A000259","Closing inventory","Cubic metres","Cubic metres","72","thousands","3","v107638600","11.9.1","598865.8","","","","1"
"2024-04","British Columbia","2021A000259","Closing inventory","Cubic metres","Cubic metres","72","thousands","3","v107638600","11.9.1","686041.2","","","","1"
"2024-05","British Columbia","2021A000259","Closing inventory","Cubic metres","Cubic metres","72","thousands","3","v107638600","11.9.1","920940.3","","","","1"
"2024-06","British Columbia","2021A000259","Closing inventory","Cubic metres","Cubic metres","72","thousands","3","v107638600","11.9.1","1158141.6","","","","1"
"2024-07","British Columbia","2021A000259","Closing inventory","Cubic metres","Cubic metres","72","thousands","3","v107638600","11.9.1","1304595.1","","","","1"
"2024-08","British Columbia","2021A000259","Closing inventory","Cubic metres","Cubic metres","72","thousands","3","v107638600","11.9.1","1613294.0","","","","1"
"2024-09","British Columbia","2021A000259","Closing inventory","Cubic metres","Cubic metres","72","thousands","3","v107638600","11.9.1","1867465.5","","","","1"
"2024-10","British Columbia","2021A000259","Closing inventory","Cubic metres","Cubic metres","72","thousands","3","v107638600","11.9.1","2051645.1","","","","1"
"2024-11","British Columbia","2021A000259","Closing inventory","Cubic metres","Cubic metres","72","thousands","3","v107638600","11.9.1","1842047.2","","","","1"
"2024-12","British Columbia","2021A000259","Closing inventory","Cubic metres","Cubic metres","72","thousands","3","v107638600","11.9.1","1545189.6","","","","1"
"2025-01","British Columbia","2021A000259","Closing inventory","Cubic metres","Cubic metres","72","thousands","3","v107638600","11.9.1","1205294.3","","","","1"
"2025-02","British Columbia","2021A000259","Closing inventory","Cubic metres","Cubic metres","72","thousands","3","v107638600","11.9.1","890747.0","","","","1"
"2025-03","British Columbia","2021A000259","Closing inventory","Cubic metres","Cubic metres","72","thousands","3","v107638600","11.9.1","843236.7","","","","1"
"2025-04","British Columbia","2021A000259","Closing inventory","Cubic metres","Cubic metres","72","thousands","3","v107638600","11.9.1","999901.4","","","","1"
"2025-05","British Columbia","2021A000259","Closing inventory","Cubic metres","Cubic metres","72","thousands","3","v107638600","11.9.1","1227321.2","","","","1"
"2025-06","British Columbia","2021A000259","Closing inventory","Cubic metres","Cubic metres","72","thousands","3","v107638600","11.9.1","1602305.8","","","","1"
"2025-07","British Columbia","2021A000259","Closing inventory","Cubic metres","Cubic metres","72","thousands","3","v107638600","11.9.1","1764508.6","","","","1"
"2025-08","British Columbia","2021A000259","Closing inventory","Cubic metres","Cubic metres","72","thousands","3","v107638600","11.9.1","1932580.2","","","","1"
"2025-09","British Columbia","2021A000259","Closing inventory","Cubic metres","Cubic metres","72","thousands","3","v107638600","11.9.1","2204853.6","","","","1"
"2025-10","British Columbia","2021A000259","Closing inventory","Cubic metres","Cubic metres","72","thousands","3","v107638600","11.9.1","2351515.4","","","","1"
"2025-11","British Columbia","2021A000259","Closing inventory","Cubic metres","Cubic metres","72","thousands","3","v107638600","11.9.1","2191360.9","","","","1"
"2025-12","British Columbia","2021A000259","Closing inventory","Cubic metres","Cubic metres","72","thousands","3","v107638600","11.9.1","1899062.6","","","","1"


